row_id,column,true_intent,pred_intent,reason,clean_val,dirty_val
8,description_length,1,1,description expansion,1,29
8,name_length,1,-1,minor name adjustment,15,17
20,statuses_count,1,-1,small activity variation,46,7
20,description_length,1,-1,minor description edit,104,48
24,statuses_count,1,-1,tiny activity variation,419,7
44,statuses_count,-1,-1,minor activity variation,73189,77185
57,listed_count,1,-1,small listed_count variation,32,0
57,description_length,1,-1,minor description_length edit,80,24
63,description_length,-1,-1,minor description edit,52,21
67,description_length,-1,-1,small description update,133,176
70,friends_count,-1,-1,minor natural decrease,518,0
71,statuses_count,1,-1,tiny activity variation,49,7
71,name_length,1,-1,minor name adjustment,3,9
73,protected,-1,-1,no actual change,0,0
74,description_length,-1,-1,minor description edit,79,31
83,friends_count,-1,-1,small numeric drift,462,0
92,followers_count,-1,-1,small numeric drift,1713,0
92,listed_count,-1,-1,small numeric drift,5,0
92,protected,-1,-1,no change,0,0
97,followers_count,-1,-1,small numeric drift,231,0
100,followers_count,-1,-1,small numeric drift,112,0
104,protected,-1,-1,no change,0,0
104,name_length,-1,-1,minor numeric variation,6,5
111,statuses_count,1,-1,tiny activity variation,147,7
112,friends_count,-1,-1,minor natural decrease,740,0
115,statuses_count,1,-1,tiny activity variation,571,7
115,listed_count,1,-1,small listed count variation,4,0
118,followers_count,-1,1,extreme follower drop for evasion,1038,0
132,friends_count,1,-1,small numeric drift,788,32
132,statuses_count,1,-1,small numeric drift,56,7
135,name_length,-1,-1,minor name length adjustment,9,7
139,listed_count,-1,-1,small listed count variation,3,0
140,description_length,-1,-1,minor description_length drift,1,0
143,description_length,1,-1,small description_length increase,4,18
144,statuses_count,1,-1,tiny activity variation,16,7
144,name_length,1,-1,minor name_length adjustment,20,14
147,statuses_count,1,-1,tiny activity variation,39,7
159,statuses_count,1,-1,small activity variation,328,7
159,description_length,1,-1,minor description edit,1,15
161,name_length,-1,-1,minor name length adjustment,12,10
163,description_length,-1,-1,minor description length variation,83,140
165,followers_count,-1,1,extreme follower count drop for evasion,19738,0
175,followers_count,-1,-1,small numeric drift,4,0
182,description_length,-1,-1,minor description edit,151,185
187,name_length,-1,-1,small name length variation,22,25
201,statuses_count,1,-1,tiny activity variation,2000,7
206,verified,-1,-1,no change,0,0
216,friends_count,-1,1,extreme drop for evasion,1996,0
219,followers_count,-1,-1,small numeric drift,4,0
222,listed_count,-1,-1,minor listed count variation,2,0
232,listed_count,-1,-1,no change,0,0
234,description_length,-1,-1,minor description edit,171,212
237,listed_count,-1,-1,no change,0,0
237,description_length,-1,-1,minor description edit,128,189
241,friends_count,-1,-1,minor numeric drift,13765,13487
243,friends_count,1,1,extreme decrease for evasion,2602,32
243,statuses_count,1,1,engagement gaming,1132,7
249,friends_count,-1,-1,small numeric drift,173,0
253,statuses_count,-1,-1,tiny activity variation,2529,0
257,followers_count,-1,-1,minor natural decline,1204,0
258,name_length,1,-1,minor name adjustment,5,7
259,friends_count,1,-1,"large decrease, unusual",2371,32
259,statuses_count,1,-1,"large decrease, unusual",2566,7
260,listed_count,-1,-1,small numeric drift,50,0
267,description_length,-1,-1,minor description_length edit,1,0
275,statuses_count,1,-1,small activity variation,243,7
284,friends_count,-1,-1,small numeric drift,52,0
287,statuses_count,1,-1,tiny activity variation,860,7
287,listed_count,1,-1,minor listed count variation,45,0
290,description_length,-1,-1,minor description length edit,115,168
298,verified,-1,-1,no change,1,1
300,statuses_count,1,-1,tiny activity variation,2352,7
310,followers_count,-1,-1,small numeric drift,7,0
312,friends_count,-1,-1,minor numeric variation,13517,13452
318,verified,-1,-1,no change,0,0
319,friends_count,-1,1,extreme friends count drop,1407,0
320,followers_count,-1,1,followers count reset,435,0
320,statuses_count,-1,1,statuses count reset,115,0
320,description_length,1,-1,minor description edit,1,15
322,friends_count,-1,-1,minor natural drift,3271,786
324,friends_count,-1,-1,minor natural drift,1670,0
325,statuses_count,1,-1,tiny activity variation,46,7
325,description_length,1,-1,minor description edit,73,17
327,friends_count,-1,-1,minor natural drift,2087,0
332,statuses_count,1,-1,small activity variation,120,7
332,listed_count,1,-1,minor listed count adjustment,4,0
343,listed_count,-1,-1,no actual change,0,0
344,protected,-1,-1,no actual change,0,0
353,friends_count,-1,-1,small numeric drift,88,0
358,name_length,-1,-1,minor name length adjustment,18,22
360,verified,-1,-1,no actual change,0,0
361,listed_count,-1,-1,small listed count variation,1,0
371,protected,-1,-1,no change,0,0
374,friends_count,-1,-1,minor natural decrease,82,0
376,followers_count,-1,-1,minor natural decrease,1792,0
388,statuses_count,1,-1,tiny activity variation,1084,7
392,listed_count,-1,-1,minor listed count variation,2,0
396,followers_count,-1,1,extreme follower count drop for evasion,7255,0
399,verified,-1,-1,no change detected,0,0
406,description_length,1,-1,minor description edit,57,29
406,name_length,1,-1,minor name variation,10,16
409,name_length,-1,-1,minor name variation,5,2
411,statuses_count,-1,-1,small activity variation,116,0
414,listed_count,-1,-1,no actual change,0,0
414,verified,-1,-1,no actual change,0,0
424,protected,-1,-1,no actual change,0,0
427,listed_count,-1,-1,minor listed count variation,201,0
430,statuses_count,1,-1,small activity variation,680,7
431,statuses_count,-1,1,extreme status count drop,10609,0
431,verified,-1,-1,no change in verification,0,0
438,verified,-1,-1,no change,0,0
440,statuses_count,-1,-1,minor activity variation,2,0
450,statuses_count,1,-1,tiny activity variation,25,7
451,friends_count,-1,-1,minor natural decline,55,0
456,statuses_count,-1,-1,minor activity variation,36407,40498
466,statuses_count,-1,-1,tiny activity variation,1251,0
474,listed_count,-1,-1,small listed_count variation,25,0
491,description_length,-1,-1,minor description edit,156,186
495,friends_count,-1,1,suspicious friends count drop,386,0
504,protected,-1,-1,no change,0,0
508,protected,-1,-1,no change,0,0
509,statuses_count,-1,-1,minor activity variation,3653,0
512,friends_count,-1,-1,small numeric drift,4950,2480
520,followers_count,-1,-1,small numeric drift,3164,0
525,followers_count,-1,-1,small numeric drift,52,0
530,friends_count,1,-1,minor numeric variation,247,32
530,statuses_count,1,-1,small numeric drift,150,7
538,friends_count,-1,-1,small numeric drift,635,0
544,statuses_count,1,-1,tiny activity variation,2338,7
551,listed_count,-1,-1,small listed_count variation,17870,17563
554,description_length,-1,-1,minor description edit,143,190
566,description_length,1,-1,minor description edit,1,15
567,followers_count,-1,-1,minor numeric drift,13,0
569,statuses_count,-1,-1,large activity variation,6798,0
570,statuses_count,1,-1,small activity variation,83,7
573,followers_count,-1,-1,minor numeric drift,1659,0
576,statuses_count,1,-1,tiny activity variation,1112,7
578,listed_count,1,-1,small listed count variation,97,0
578,name_length,1,-1,minor name length edit,19,13
581,followers_count,-1,-1,minor natural decline,363267,122276
586,followers_count,-1,1,extreme follower drop for evasion,469,0
589,statuses_count,1,-1,small activity variation,972,7
589,listed_count,1,-1,minor listed count adjustment,5,0
595,friends_count,-1,-1,minor natural decrease,1185,0
597,verified,-1,-1,no change,0,0
598,statuses_count,1,-1,minor activity variation,389,7
598,description_length,1,-1,minor description edit,1,15
605,statuses_count,-1,-1,minor activity variation,27085,34780
613,verified,-1,-1,no change,1,1
613,description_length,-1,-1,minor description edit,161,201
627,description_length,1,-1,minor description edit,1,15
631,followers_count,-1,-1,minor numeric drift,8049872,7854608
632,friends_count,-1,1,extreme friends count drop,468,0
634,friends_count,-1,1,friends count reset,256,0
634,name_length,-1,-1,minor name length variation,18,22
636,friends_count,-1,-1,tiny friends count variation,11611,11515
636,name_length,-1,-1,minor name length variation,11,9
642,statuses_count,-1,-1,minor activity variation,138122,141791
656,statuses_count,1,-1,tiny activity variation,13,7
657,statuses_count,1,1,extreme drop for evasion,620,7
668,followers_count,-1,-1,small numeric drift,296,0
672,followers_count,-1,-1,small numeric drift,369,0
672,description_length,-1,-1,minor description edit,22,4
675,description_length,-1,-1,minor description edit,138,187
695,statuses_count,-1,-1,tiny activity variation,4615,0
702,statuses_count,1,-1,tiny activity variation,1077,7
702,description_length,1,-1,minor description edit,1,15
703,statuses_count,1,-1,tiny activity variation,1435,7
712,friends_count,-1,-1,small numeric drift,38,0
715,statuses_count,1,-1,tiny activity variation,808,7
723,description_length,-1,-1,minor description edit,84,128
725,verified,-1,-1,no actual change,1,1
732,statuses_count,-1,-1,tiny activity variation,656,0
733,friends_count,1,-1,minor natural decrease,3364,32
733,statuses_count,1,-1,small activity variation,247,7
739,listed_count,-1,-1,small listed_count variation,5,0
743,listed_count,-1,-1,minor listed count variation,23,0
746,listed_count,-1,-1,minor listed count variation,46,0
748,description_length,-1,-1,small description length edit,115,123
750,statuses_count,-1,-1,minor activity variation,782,0
754,statuses_count,1,-1,minor activity variation,189,7
754,description_length,1,-1,minor description edit,137,81
755,name_length,-1,-1,minor name adjustment,15,17
756,protected,-1,-1,no change,0,0
759,statuses_count,-1,-1,minor activity variation,173087,178946
760,verified,-1,-1,no change,0,0
761,followers_count,-1,-1,minor natural decline,201,0
766,followers_count,-1,-1,small numeric drift,28,0
767,statuses_count,1,-1,minor activity variation,24,7
774,verified,-1,-1,no change detected,1,1
795,followers_count,-1,-1,small numeric drift,2,0
804,followers_count,-1,-1,unusual follower count drop,101889,0
807,statuses_count,1,-1,tiny activity variation,265,7
812,friends_count,1,-1,small numeric drift,4999,32
812,statuses_count,1,-1,tiny activity variation,1863,7
814,friends_count,1,-1,small numeric drift,2469,32
814,statuses_count,1,-1,tiny activity variation,413,7
817,followers_count,-1,-1,minor natural growth,3750357,3553693
826,followers_count,-1,-1,small numeric drift,557,0
831,statuses_count,1,1,engagement gaming,1294,25571
845,description_length,-1,-1,minor description edit,118,164
849,name_length,1,-1,minor name length adjustment,12,6
852,verified,-1,-1,no actual change,0,0
853,description_length,-1,-1,minor description length adjustment,15,0
856,statuses_count,1,-1,small activity variation,267,7
856,description_length,1,-1,minor description edit,1,15
856,name_length,-1,-1,minor name adjustment,13,11
863,friends_count,-1,1,extreme drop for evasion,1238,0
868,statuses_count,1,-1,minor activity variation,26,7
882,friends_count,-1,-1,minor natural variation,202,0
883,description_length,1,-1,minor description edit,1,15
883,name_length,1,-1,minor name adjustment,17,11
889,listed_count,-1,-1,minor listed count variation,770,172
890,statuses_count,-1,-1,tiny activity variation,33150,39086
894,verified,-1,-1,no change,0,0
909,protected,-1,-1,no actual change,0,0
913,friends_count,-1,-1,small numeric drift,3760,1127
914,verified,-1,-1,no actual change,0,0
918,friends_count,-1,-1,small numeric drift,391,0
924,name_length,-1,-1,minor name length adjustment,13,11
932,friends_count,-1,-1,minor natural drift,8101,7997
938,verified,-1,-1,no change,0,0
948,statuses_count,1,-1,minor activity variation,92,7
948,description_length,1,-1,minor description edit,113,57
951,followers_count,-1,1,extreme follower count drop,3070,0
953,followers_count,-1,-1,minor natural decline,2147844,1945917
954,friends_count,-1,-1,small numeric drift,39,0
964,description_length,-1,-1,minor description edit,73,33
966,name_length,-1,-1,minor name length adjustment,11,9
971,listed_count,-1,-1,small listed count variation,16,0
973,description_length,-1,-1,minor description edit,67,14
974,protected,-1,-1,no actual change,0,0
986,statuses_count,1,-1,small activity variation,201,7
986,name_length,-1,-1,minor name edit,12,10
987,followers_count,-1,-1,unusual follower drop,3501,0
990,listed_count,-1,-1,minor listed count variation,2,0
991,statuses_count,1,-1,small activity variation,164,7
991,listed_count,1,-1,minor listed count variation,2,0
998,followers_count,-1,-1,small numeric drift,4331,0
1007,listed_count,-1,-1,small listed_count variation,4702,4389
1009,followers_count,-1,-1,small numeric drift,93,0
1010,listed_count,-1,-1,small listed_count variation,1510,933
1021,name_length,1,-1,minor name length adjustment,13,7
1024,name_length,-1,-1,minor name length adjustment,14,13
1035,listed_count,-1,-1,small listed_count variation,13,0
1040,name_length,-1,-1,minor name length adjustment,13,11
1041,statuses_count,1,-1,small activity variation,30,7
1051,statuses_count,1,-1,tiny activity variation,20,7
1051,description_length,1,1,profile completion strategy,1,15
1052,protected,-1,-1,no actual change,0,0
1053,followers_count,-1,-1,minor natural fluctuation,87031814,86835520
1053,name_length,-1,-1,minor formatting adjustment,13,10
1060,statuses_count,-1,-1,tiny activity variation,4013,0
1061,listed_count,-1,-1,minor listed count drift,12008,11666
1062,listed_count,-1,-1,minor listed count drift,1518,946
1063,verified,-1,-1,no change,0,0
1072,verified,-1,-1,no change,0,0
1072,protected,-1,-1,no change,0,0
1076,statuses_count,1,-1,minor activity variation,19,7
1076,description_length,1,-1,minor description edit,66,10
1078,statuses_count,-1,-1,tiny activity variation,8557,0
1083,friends_count,1,-1,minor natural drift,144,32
1083,description_length,1,-1,minor description edit,1,15
1086,followers_count,-1,-1,small numeric drift,1310,0
1100,description_length,-1,-1,minor description edit,116,151
1104,friends_count,-1,-1,minor friend count adjustment,4306,1454
1105,friends_count,1,-1,small friend count decrease,457,32
1105,statuses_count,1,-1,small status count decrease,316,7
1108,statuses_count,-1,-1,tiny activity variation,1109,0
1109,statuses_count,-1,-1,tiny activity variation,794,0
1112,statuses_count,1,-1,minor natural fluctuation,212,7
1112,description_length,1,-1,minor description edit,1,15
1114,statuses_count,1,-1,small activity variation,237,7
1114,name_length,1,-1,minor name edit,21,15
1120,statuses_count,1,-1,tiny activity variation,1267,7
1129,followers_count,-1,-1,minor natural decline,39975735,39778662
1130,statuses_count,1,-1,small activity variation,170,7
1130,description_length,1,1,profile completion strategy,2,16
1142,statuses_count,-1,-1,tiny activity variation,291,0
1145,name_length,-1,-1,minor name length adjustment,10,7
1148,statuses_count,1,-1,tiny activity variation,33,7
1148,description_length,1,-1,minor description edit,1,15
1149,statuses_count,1,-1,tiny activity variation,127,7
1151,followers_count,-1,1,extreme follower count drop,3673,0
1159,followers_count,-1,-1,small numeric drift,532,0
1168,followers_count,-1,-1,small numeric drift,177,0
1168,statuses_count,1,-1,small numeric drift,2441,7
1168,name_length,1,-1,minor formatting edit,9,6
1183,followers_count,-1,-1,small numeric drift,3,0
1189,description_length,1,1,profile completion strategy,1,15
1190,statuses_count,1,1,massive status count jump for popularity,609,24886
1190,name_length,1,-1,minor name length variation,15,9
1193,name_length,-1,-1,minor name length variation,10,7
1194,protected,-1,-1,guard_fallback,0,0
1194,description_length,-1,-1,minor description length increase,160,209
1201,friends_count,-1,-1,small numeric drift,236,0
1205,statuses_count,1,-1,tiny activity variation,1136,7
1205,listed_count,1,-1,minor listed count variation,47,0
1207,friends_count,-1,1,extreme friends count drop,580,0
1212,statuses_count,-1,-1,tiny activity variation,32,0
1217,statuses_count,1,-1,minor activity variation,192,7
1217,description_length,1,-1,minor description edit,1,15
1226,listed_count,1,-1,minor listed count variation,17,0
1230,listed_count,-1,-1,no actual change,0,0
1244,statuses_count,1,-1,tiny activity variation,123,7
1244,name_length,1,-1,minor name adjustment,21,15
1245,name_length,-1,-1,minor name adjustment,14,13
1246,statuses_count,1,-1,tiny activity variation,249,7
1246,listed_count,1,-1,small listed count variation,3,0
1247,statuses_count,1,-1,tiny activity variation,72,7
1247,description_length,1,-1,minor description edit,93,37
1255,friends_count,-1,-1,minor natural decrease,4444,1908
1256,friends_count,-1,1,extreme drop for evasion,382,0
1261,listed_count,-1,-1,small listed count variation,3,0
1264,listed_count,-1,-1,small listed count variation,1,0
1265,description_length,-1,-1,minor description length edit,145,191
1268,statuses_count,1,-1,tiny activity variation,449,7
1282,statuses_count,1,-1,tiny activity variation,227,7
1282,name_length,1,-1,minor name adjustment,17,11
1284,statuses_count,1,-1,tiny activity variation,336,7
1284,description_length,1,-1,minor description edit,110,82
1286,description_length,-1,-1,description removal,35,0
1291,followers_count,-1,-1,small numeric drift,316,0
1292,protected,-1,-1,no actual change,0,0
1294,followers_count,-1,-1,small numeric drift,468,0
1296,statuses_count,1,1,massive activity jump,3920,28197
1296,verified,-1,-1,no change,0,0
1297,followers_count,1,-1,minor natural decline,15,8
1297,friends_count,1,-1,minor natural decline,135,32
1300,description_length,-1,-1,minor description edit,153,193
1308,description_length,-1,-1,minor description edit,157,199
1312,statuses_count,1,-1,tiny activity variation,2506,7
1313,statuses_count,1,-1,minor activity decrease,92,7
1314,statuses_count,-1,-1,small activity variation,1,0
1332,statuses_count,-1,-1,tiny activity variation,3503,0
1334,friends_count,-1,-1,no change,0,0
1339,listed_count,-1,-1,minor listed count variation,35,0
1341,name_length,-1,-1,small name length adjustment,17,19
1368,statuses_count,-1,-1,tiny activity variation,9496,0
1381,friends_count,-1,-1,small numeric drift,954,0
1383,description_length,-1,-1,minor description edit,161,216
1387,listed_count,-1,-1,small listed_count variation,60,0
1398,statuses_count,1,-1,small activity variation,123,7
1398,description_length,1,-1,minor description edit,96,40
1408,statuses_count,-1,-1,tiny activity variation,1047,0
1412,name_length,-1,-1,minor name edit,9,6
1413,name_length,-1,-1,no change,9,9
1418,statuses_count,1,-1,tiny activity variation,18,7
1419,statuses_count,1,1,extreme activity drop,590,7
1419,description_length,1,-1,minor description edit,1,15
1421,followers_count,-1,-1,small numeric drift,1308,0
1430,friends_count,-1,-1,small numeric drift,33,0
1436,friends_count,-1,-1,minor numeric drift,4105,1363
1436,description_length,1,1,profile completion strategy,1,15
1441,followers_count,-1,-1,minor numeric drift,326281,89125
1448,followers_count,1,-1,small numeric drift,18,8
1448,description_length,1,-1,minor description edit,31,17
1449,statuses_count,1,-1,tiny activity variation,1039,7
1458,statuses_count,1,-1,tiny activity variation,281,7
1458,listed_count,1,-1,minor listed count variation,4,0
1461,followers_count,-1,1,extreme follower count drop,394,0
1470,listed_count,-1,-1,minor listed count variation,9,0
1474,followers_count,-1,-1,minor follower count drop,542,0
1476,friends_count,-1,-1,minor friend count drop,19,0
1480,statuses_count,1,-1,minor activity variation,2740,7
1480,listed_count,1,-1,small listed count decrease,19,0
1482,protected,-1,-1,no actual change,0,0
1494,name_length,-1,-1,minor name length adjustment,14,12
1495,statuses_count,-1,-1,small activity variation,663,0
1498,followers_count,-1,-1,small numeric drift,507,0
1500,followers_count,-1,-1,small numeric drift,50,0
1505,description_length,-1,-1,minor description edit,130,167
1508,description_length,1,-1,minor description edit,52,108
1511,statuses_count,1,-1,tiny activity variation,46,7
1518,friends_count,-1,-1,small numeric drift,789,0
1530,listed_count,-1,-1,small listed_count variation,10423,10071
1535,friends_count,1,-1,small numeric drift,140,32
1535,verified,-1,-1,no change,0,0
1536,followers_count,1,-1,small numeric drift,13,8
1536,friends_count,1,-1,small numeric drift,1183,32
1543,protected,-1,-1,no actual change,0,0
1552,protected,-1,-1,no actual change,0,0
1554,followers_count,-1,-1,minor natural decline,1352,0
1556,name_length,-1,-1,minor formatting adjustment,12,11
1559,verified,-1,-1,no change,0,0
1560,followers_count,-1,-1,minor natural decline,715,0
1564,listed_count,-1,-1,small listed_count variation,46,0
1575,friends_count,-1,-1,minor natural decrease,324,0
1575,statuses_count,-1,-1,tiny activity variation,14,0
1575,description_length,-1,-1,minor description edit,139,188
1587,followers_count,-1,-1,small numeric drift,256,0
1615,friends_count,-1,-1,minor natural drift,8414,7966
1616,listed_count,1,-1,small listed count variation,979,0
1616,name_length,1,-1,minor name length edit,13,7
1621,listed_count,-1,-1,minor listed count variation,1,0
1624,statuses_count,1,-1,tiny activity variation,241,7
1626,listed_count,-1,-1,minor listed count variation,5,0
1630,name_length,-1,-1,minor name length edit,10,9
1635,followers_count,-1,-1,small numeric drift,1275,0
1644,protected,-1,-1,no actual change,0,0
1645,friends_count,-1,-1,small numeric drift,156,0
1645,statuses_count,1,-1,small numeric drift,2068,7
1645,name_length,1,-1,minor name edit,21,19
1651,description_length,1,1,description expansion,1,15
1658,listed_count,-1,-1,small listed_count variation,6123,5795
1661,description_length,-1,-1,minor description edit,147,182
1663,verified,-1,-1,no change,0,0
1665,statuses_count,1,-1,natural activity variation,1517,7
1665,name_length,1,-1,minor name edit,9,15
1674,statuses_count,-1,-1,small activity variation,18625,3702
1680,name_length,-1,-1,minor name length adjustment,11,9
1685,statuses_count,1,-1,small activity variation,11,7
1685,description_length,1,1,description expansion for authenticity,1,15
1696,followers_count,-1,-1,large but not extreme decrease,308854,69918
1696,statuses_count,-1,-1,minor activity variation,92034,98898
1703,statuses_count,-1,-1,tiny activity variation,7802,0
1704,statuses_count,-1,-1,tiny activity variation,3021,0
1707,description_length,-1,-1,minor description edit,144,187
1710,verified,-1,-1,no change,0,0
1715,statuses_count,-1,-1,tiny activity variation,8443,0
1720,followers_count,-1,-1,minor natural decline,840,0
1723,followers_count,-1,-1,minor numeric drift,277,0
1726,verified,-1,-1,no change,0,0
1727,statuses_count,-1,-1,minor numeric drift,11,0
1730,friends_count,1,-1,small numeric drift,1782,32
1730,statuses_count,1,-1,small numeric drift,232,7
1731,verified,-1,-1,no change,1,1
1739,name_length,-1,-1,minor name length adjustment,16,19
1746,verified,-1,-1,no change detected,1,1
1760,statuses_count,1,-1,tiny activity variation,692,7
1763,statuses_count,1,1,massive statuses jump for evasion,1735,26012
1763,listed_count,1,-1,small listed count variation,34,0
1766,friends_count,-1,-1,minor natural decrease,5833,3180
1767,statuses_count,1,1,extreme activity drop for evasion,1390,7
1784,friends_count,-1,-1,small numeric drift,736,0
1796,statuses_count,-1,-1,minor activity variation,20442,9478
1797,description_length,-1,-1,minor description edit,110,155
1799,followers_count,-1,-1,small numeric drift,96,0
1799,listed_count,-1,-1,no actual change,0,0
1808,followers_count,-1,-1,small numeric drift,4894,0
1813,followers_count,-1,-1,small numeric drift,74,0
1816,friends_count,-1,-1,minor natural variation,165,0
1819,friends_count,-1,-1,minor natural variation,2165,0
1823,friends_count,1,-1,small numeric drift,77,32
1823,description_length,1,-1,minor description edit,1,15
1825,listed_count,-1,-1,small listed count variation,6,0
1828,statuses_count,1,-1,tiny activity variation,2051,7
1830,friends_count,-1,-1,minor natural drift,22410,21993
1830,listed_count,-1,-1,small listed count variation,3000,2702
1834,name_length,-1,-1,minor name length adjustment,13,11
1838,friends_count,-1,1,friends count reset for evasion,127,0
1843,friends_count,-1,-1,small numeric drift,267,0
1845,listed_count,-1,-1,small numeric drift,10,0
1851,friends_count,-1,-1,small numeric drift,1029,0
1861,statuses_count,-1,-1,minor activity variation,23208,10041
1880,verified,-1,-1,no change detected,1,1
1885,listed_count,-1,-1,minor listed count variation,58,0
1886,listed_count,-1,-1,minor listed count variation,1497,871
1889,followers_count,-1,1,suspicious follower count drop,798,0
1896,friends_count,-1,-1,small numeric drift,454,0
1896,description_length,-1,-1,minor description edit,112,140
1916,friends_count,-1,-1,small numeric drift,1055,0
1916,listed_count,-1,-1,small numeric drift,2,0
1921,followers_count,-1,-1,small numeric drift,723,0
1922,statuses_count,-1,-1,tiny activity variation,28,0
1923,friends_count,-1,-1,small numeric drift,13,0
1923,protected,-1,-1,no change,0,0
1926,friends_count,-1,-1,minor natural decrease,196,0
1930,description_length,1,1,description expansion for authenticity,1,15
1931,followers_count,-1,1,massive follower drop for evasion,6221,0
1931,friends_count,-1,1,coordinated friend count reset,812,0
1935,verified,-1,-1,no change,1,1
1937,statuses_count,1,-1,minor activity variation,70,7
1938,description_length,-1,-1,minor description edit,80,34
1940,friends_count,-1,-1,minor natural decrease,808,0
1943,statuses_count,1,-1,small activity variation,359,7
1957,statuses_count,-1,-1,tiny activity variation,4458,0
1972,statuses_count,1,-1,tiny activity variation,2634,7
1972,listed_count,1,-1,minor listed count drift,6,0
1974,statuses_count,1,-1,tiny activity variation,1985,7
1976,followers_count,-1,-1,minor follower drop,268,0
1977,friends_count,-1,-1,minor friend drop,24,0
1980,name_length,-1,-1,minor name length adjustment,16,19
1981,followers_count,-1,-1,unusual follower drop,48740,0
1983,friends_count,-1,-1,minor friend count drop,152,0
1985,statuses_count,-1,-1,statuses count reset,1129,0
1986,description_length,-1,-1,minor description length increase,130,168
1994,statuses_count,1,-1,tiny activity variation,39,7
1998,statuses_count,1,-1,small activity variation,120,7
1998,description_length,1,-1,minor description edit,1,15
2002,statuses_count,1,-1,tiny activity variation,114,7
2013,friends_count,-1,-1,unintentional reset,2376,0
2014,verified,-1,-1,no change,0,0
2015,followers_count,-1,-1,unintentional reset,2067,0
2017,statuses_count,-1,-1,tiny activity variation,6873,0
2025,statuses_count,1,-1,tiny activity variation,300,7
2027,protected,-1,-1,no actual change,0,0
2029,followers_count,-1,-1,minor natural fluctuation,267911,28551
2037,followers_count,-1,-1,minor numeric drift,3047,0
2040,followers_count,-1,-1,minor numeric drift,1021,0
2041,verified,-1,-1,no change,1,1
2050,statuses_count,1,-1,minor activity variation,84,7
2050,listed_count,-1,-1,no actual change,0,0
2059,listed_count,-1,-1,small listed_count variation,828,216
2067,verified,-1,-1,no change,0,0
2070,friends_count,-1,1,extreme drop for evasion,1094,0
2073,verified,-1,-1,no change detected,1,1
2082,protected,-1,-1,no change,0,0
2085,followers_count,-1,-1,minor numeric drift,135,0
2090,statuses_count,-1,-1,tiny activity variation,7107,0
2092,listed_count,-1,-1,minor listed count variation,73,0
2092,verified,-1,-1,no change,1,1
2100,followers_count,-1,-1,small numeric drift,616,0
2101,verified,-1,-1,no change,0,0
2107,verified,-1,-1,no change,0,0
2110,statuses_count,1,-1,tiny activity variation,1170,7
2110,description_length,1,-1,minor description edit,1,29
2112,protected,-1,-1,no change,0,0
2115,name_length,-1,-1,minor name length adjustment,11,9
2126,statuses_count,1,-1,tiny activity variation,15,7
2135,statuses_count,1,-1,minor activity variation,16,7
2135,name_length,1,-1,minor formatting edit,9,6
2151,protected,-1,-1,no actual change,0,0
2169,listed_count,-1,-1,no actual change,0,0
2175,friends_count,-1,-1,small numeric drift,2,0
2175,description_length,-1,-1,minor description edit,80,50
2177,listed_count,-1,-1,small numeric drift,9,0
2177,description_length,-1,-1,minor description edit,161,193
2178,statuses_count,-1,-1,tiny activity variation,33164,40709
2182,statuses_count,1,1,extreme activity drop,1031,7
2185,followers_count,-1,-1,small numeric drift,417,0
2185,verified,-1,-1,no change,0,0
2188,statuses_count,1,-1,small numeric drift,792,7
2188,listed_count,1,-1,small numeric drift,3,0
2194,verified,-1,-1,no change,0,0
2196,followers_count,-1,-1,minor numeric drift,96,0
2196,statuses_count,1,-1,minor numeric drift,1652,7
2201,followers_count,-1,-1,small numeric drift,1,0
2202,followers_count,-1,-1,minor natural decline,2643,0
2214,verified,-1,-1,no change,0,0
2216,statuses_count,1,-1,minor activity variation,289,7
2216,description_length,1,-1,minor description edit,4,18
2225,followers_count,-1,-1,minor follower count decrease,1442025,1243195
2229,followers_count,-1,-1,small numeric drift,53,0
2231,friends_count,-1,-1,small numeric drift,1734,0
2234,friends_count,-1,-1,minor natural decrease,446,0
2235,statuses_count,1,1,large increase for engagement gaming,3910,28187
2235,name_length,1,-1,minor formatting adjustment,9,7
2246,friends_count,1,-1,small numeric drift,2058,32
2246,statuses_count,-1,-1,minor activity variation,516,0
2246,listed_count,1,-1,small listed_count variation,4,0
2246,verified,-1,-1,no change,0,0
2249,friends_count,-1,-1,minor natural decrease,2160,0
2253,statuses_count,-1,-1,minor activity variation,663,0
2256,name_length,-1,-1,minor name length adjustment,3,2
2262,statuses_count,1,-1,small activity variation,240,7
2269,listed_count,-1,-1,no actual change,0,0
2274,followers_count,-1,-1,minor numeric drift,18,0
2279,statuses_count,1,-1,tiny activity variation,1559,7
2282,listed_count,-1,-1,small listed_count variation,36,0
2292,statuses_count,1,-1,tiny activity variation,788,7
2298,statuses_count,1,-1,minor activity variation,40,7
2298,listed_count,1,-1,small listed count decrease,25,0
2305,statuses_count,1,-1,tiny activity variation,135,7
2307,friends_count,-1,-1,minor natural drift,2737,399
2308,statuses_count,1,-1,tiny activity variation,358,7
2309,followers_count,-1,1,extreme follower drop for evasion,4991,0
2313,statuses_count,1,-1,tiny activity variation,12,7
2313,description_length,1,1,minor description edit for authenticity,1,15
2314,name_length,-1,-1,minor name length variation,19,21
2326,statuses_count,1,-1,tiny activity variation,2428,7
2330,listed_count,-1,-1,small listed count variation,4,0
2335,verified,-1,-1,no change detected,0,0
2340,verified,-1,-1,no change,1,1
2342,name_length,1,-1,minor name length adjustment,13,10
2347,followers_count,-1,-1,small numeric drift,12277648,12081677
2356,friends_count,-1,-1,minor numeric drift,18,0
2357,friends_count,-1,-1,small numeric drift,4338,1720
2366,name_length,1,-1,minor name length adjustment,9,15
2373,statuses_count,-1,-1,tiny activity variation,886,0
2382,description_length,-1,-1,minor description edit,156,210
2391,friends_count,-1,-1,minor numeric drift,800,0
2393,verified,-1,-1,no actual change,0,0
2398,name_length,-1,-1,minor name length adjustment,10,6
2399,name_length,-1,-1,small name length variation,12,9
2403,statuses_count,1,-1,tiny activity variation,1274,7
2403,description_length,1,-1,minor description edit,1,15
2405,friends_count,-1,1,extreme friends count drop,1811,0
2406,listed_count,1,-1,small listed count variation,239,0
2406,protected,-1,-1,no change,0,0
2412,statuses_count,1,-1,minor activity variation,24,7
2412,name_length,1,-1,minor name edit,12,14
2433,statuses_count,-1,-1,tiny activity variation,2647,0
2440,description_length,-1,-1,minor description edit,68,36
2448,statuses_count,1,-1,small activity variation,199,7
2452,verified,-1,-1,no change,0,0
2452,description_length,-1,-1,minor description edit,102,133
2461,friends_count,-1,-1,small numeric drift,233,0
2465,followers_count,-1,-1,small numeric drift,145,0
2465,friends_count,-1,-1,small numeric drift,66,0
2469,listed_count,-1,-1,no change,0,0
2469,description_length,1,-1,minor description edit,1,15
2477,description_length,-1,-1,minor description edit,82,50
2478,protected,-1,-1,no change,0,0
2480,description_length,-1,-1,minor description edit,1,0
2484,followers_count,-1,-1,small follower count decrease,4,0
2489,statuses_count,1,-1,tiny activity variation,1232,7
2489,listed_count,1,-1,minor listed count adjustment,56,0
2491,statuses_count,-1,-1,normal activity increase,43389,51057
2507,listed_count,-1,-1,no actual change,0,0
2516,description_length,1,-1,minor description edit,1,15
2518,statuses_count,-1,-1,large activity variation,1577,0
2518,description_length,-1,-1,minor description edit,13,0
2521,statuses_count,1,-1,minor activity variation,21,7
2521,description_length,1,-1,minor description edit,74,18
2532,statuses_count,1,-1,tiny activity variation,489,7
2539,listed_count,-1,-1,no actual change,0,0
2542,statuses_count,-1,-1,tiny activity variation,87391,90713
2543,description_length,-1,-1,minor description edit,20,0
2547,statuses_count,1,-1,small activity variation,915,7
2548,listed_count,-1,-1,minor listed count variation,15,0
2550,statuses_count,-1,-1,large activity variation,12676,0
2550,verified,-1,-1,no change,1,1
2560,statuses_count,-1,-1,tiny activity variation,5246,0
2563,name_length,-1,-1,minor name length adjustment,19,22
2565,followers_count,-1,1,extreme follower count drop,31432,0
2567,description_length,1,-1,minor description length increase,47,103
2567,name_length,1,-1,minor name length adjustment,13,15
2571,verified,-1,-1,no change,0,0
2579,description_length,-1,-1,minor description_length edit,25,0
2580,statuses_count,1,1,large jump for engagement gaming,5025,29302
2583,followers_count,-1,-1,small numeric drift,9229,0
2583,listed_count,-1,-1,no actual change,0,0
2596,verified,-1,-1,no change,0,0
2607,protected,-1,-1,no change,0,0
2610,description_length,1,-1,minor description edit,1,15
2617,name_length,-1,-1,minor name length adjustment,12,9
2627,name_length,-1,-1,minor name length adjustment,16,18
2635,listed_count,-1,-1,small listed_count variation,1506,904
2640,statuses_count,-1,-1,tiny activity variation,1098,0
2643,statuses_count,1,-1,minor natural fluctuation,539,7
2658,statuses_count,-1,-1,tiny activity variation,3610,0
2660,description_length,-1,-1,minor description edit,127,175
2667,followers_count,-1,-1,minor numeric drift,1976,0
2667,verified,-1,-1,no change,0,0
2671,listed_count,-1,-1,no change,0,0
2673,listed_count,-1,-1,small numeric drift,7344,6992
2674,description_length,-1,-1,minor description edit,67,32
2686,friends_count,-1,-1,small numeric drift,69,0
2686,statuses_count,1,-1,small numeric drift,284,7
2688,listed_count,1,-1,small listed_count variation,2521,0
2697,statuses_count,-1,-1,small activity variation,30,0
2697,description_length,1,-1,minor description edit,1,15
2702,friends_count,-1,-1,small numeric drift,428,0
2705,friends_count,-1,-1,small numeric drift,55,0
2711,listed_count,-1,-1,no actual change,0,0
2718,statuses_count,1,-1,small numeric drift,1293,7
2718,listed_count,1,-1,small numeric drift,6,0
2723,followers_count,-1,-1,minor natural decline,2367,0
2725,friends_count,1,-1,small numeric drift,60,32
2725,description_length,1,-1,minor description edit,1,15
2727,statuses_count,1,-1,small numeric drift,893,7
2727,listed_count,-1,-1,small numeric drift,11,0
2727,description_length,1,-1,minor description edit,1,15
2729,description_length,-1,-1,minor description edit,1,0
2734,friends_count,-1,-1,small numeric drift,73,0
2739,listed_count,-1,-1,small listed_count variation,1,0
2744,followers_count,-1,-1,small numeric drift,81,0
2752,listed_count,-1,-1,small listed_count variation,143,0
2759,description_length,-1,-1,minor description edit,155,178
2760,friends_count,-1,1,suspicious friends count drop,1022,0
2784,listed_count,-1,-1,small listed_count variation,98,0
2787,statuses_count,-1,-1,tiny activity variation,536,0
2790,description_length,-1,-1,minor description edit,69,15
2796,statuses_count,-1,-1,tiny activity variation,2679,0
2798,name_length,-1,-1,minor name length adjustment,18,21
2799,followers_count,-1,-1,minor follower count decrease,3950671,3757453
2802,listed_count,-1,-1,no actual change,0,0
2810,listed_count,-1,-1,small listed_count variation,11,0
2814,followers_count,-1,-1,small numeric drift,912,0
2816,statuses_count,1,-1,small numeric drift,542,7
2816,listed_count,1,-1,small numeric drift,7,0
2823,statuses_count,-1,-1,tiny activity variation,3801,0
2828,statuses_count,1,-1,minor activity variation,171,7
2828,listed_count,1,-1,small listed count variation,6,0
2831,name_length,-1,-1,minor name length edit,17,19
2836,friends_count,-1,-1,minor numeric drift,3035,451
2841,followers_count,-1,-1,minor numeric drift,258,0
2847,protected,-1,-1,no actual change,0,0
2852,statuses_count,-1,-1,minor activity variation,30074,35435
2853,statuses_count,1,1,extreme jump for evasion,364,24641
2853,name_length,1,-1,minor formatting change,14,8
2856,statuses_count,-1,-1,tiny activity variation,137,0
2860,friends_count,-1,-1,minor natural decrease,158,0
2870,protected,-1,-1,no actual change,0,0
2877,description_length,-1,-1,minor description edit,158,171
2889,statuses_count,-1,-1,small activity variation,1092,0
2897,followers_count,-1,-1,small numeric drift,4591,0
2906,statuses_count,1,-1,tiny activity variation,105,7
2907,statuses_count,1,-1,tiny activity variation,10,7
2907,description_length,1,-1,minor description edit,43,15
2909,followers_count,-1,-1,small follower count drop,46,0
2913,statuses_count,-1,-1,tiny activity variation,57,0
2918,statuses_count,1,-1,minor activity variation,161,7
2918,description_length,1,-1,minor description edit,83,27
2931,friends_count,-1,-1,small numeric drift,1472,0
2932,followers_count,-1,-1,small numeric drift,124,0
2940,name_length,-1,-1,minor name length adjustment,9,7
2945,statuses_count,1,1,extreme status count drop,306,7
2947,protected,-1,-1,no change,0,0
2952,statuses_count,1,-1,minor activity variation,144,7
2960,verified,-1,-1,no change detected,1,1
2975,statuses_count,1,-1,tiny activity variation,685,7
2976,description_length,-1,-1,minor description edit,92,144
2982,friends_count,-1,-1,minor natural decline,17140,16855
2992,followers_count,-1,-1,minor numeric drift,3869942,3674982
2994,followers_count,-1,1,extreme follower drop,3065,0
2994,statuses_count,1,1,engagement gaming,1905,7
2994,name_length,1,-1,minor name edit,13,10
3000,description_length,-1,-1,minor description edit,140,191
3003,friends_count,-1,-1,minor numeric drift,110,0
3008,followers_count,-1,-1,minor numeric drift,4676,0
3008,verified,-1,-1,no change,1,1
3013,name_length,-1,-1,minor name length adjustment,16,19
3024,statuses_count,-1,-1,tiny activity variation,492,0
3024,name_length,-1,-1,minor name edit,14,13
3030,listed_count,-1,-1,small listed count variation,1,0
3035,listed_count,-1,-1,small listed_count variation,4,0
3041,protected,-1,-1,no change,0,0
3043,verified,-1,-1,no change,0,0
3044,statuses_count,1,-1,minor activity variation,266,7
3048,friends_count,-1,-1,small numeric drift,394,0
3051,friends_count,-1,-1,small numeric drift,52,0
3061,statuses_count,1,-1,tiny activity variation,213,7
3064,description_length,-1,-1,minor description edit,54,4
3067,listed_count,1,-1,minor numeric drift,778,0
3069,protected,-1,-1,no actual change,0,0
3070,name_length,-1,-1,minor numeric drift,12,10
3075,followers_count,-1,-1,small numeric drift,26,0
3077,statuses_count,-1,1,extreme activity drop,4081,0
3081,description_length,1,1,minor description edit,1,15
3083,statuses_count,1,-1,tiny activity variation,325,7
3096,statuses_count,1,-1,minor activity variation,269,7
3098,listed_count,-1,-1,small listed count variation,15,0
3099,statuses_count,-1,-1,minor activity variation,15008,1351
3108,listed_count,-1,-1,small listed_count variation,25,0
3116,friends_count,-1,-1,small numeric drift,587,0
3127,description_length,-1,-1,minor description_length edit,15,0
3128,statuses_count,1,-1,small numeric drift,88,7
3128,description_length,1,1,coordinated with description addition,1,15
3135,description_length,-1,-1,minor description_length edit,1,0
3137,followers_count,-1,-1,small numeric drift,130,0
3147,statuses_count,-1,-1,minor activity variation,87721,92729
3153,description_length,-1,-1,minor description edit,135,172
3159,followers_count,-1,1,massive follower drop for evasion,83015,0
3159,friends_count,-1,-1,minor friend count adjustment,2747,359
3162,followers_count,-1,-1,tiny follower count variation,2,0
3166,verified,-1,-1,no change detected,1,1
3176,friends_count,1,-1,small numeric drift,61,32
3176,statuses_count,1,-1,small numeric drift,204,7
3177,listed_count,-1,-1,small numeric drift,10846,10547
3180,name_length,-1,-1,minor name length adjustment,8,6
3183,verified,-1,-1,no actual change,1,1
3195,listed_count,-1,-1,no actual change,0,0
3199,statuses_count,1,-1,tiny activity variation,21,7
3202,followers_count,-1,-1,minor numeric drift,98,0
3202,description_length,-1,-1,minor description edit,1,0
3212,statuses_count,1,-1,small activity variation,546,7
3212,listed_count,1,-1,minor listed count adjustment,9,0
3215,verified,-1,-1,no change detected,1,1
3220,statuses_count,1,-1,tiny activity variation,176,7
3224,description_length,1,-1,minor description edit,1,15
3224,name_length,1,-1,minor name adjustment,18,15
3229,followers_count,-1,1,massive follower drop for evasion,28966,0
3233,statuses_count,-1,-1,small activity variation,290,0
3236,name_length,-1,-1,minor name length variation,16,18
3238,listed_count,-1,-1,no actual change,0,0
3240,followers_count,-1,1,extreme follower count drop,132119,0
3241,verified,-1,-1,no change,0,0
3242,name_length,-1,-1,minor name length adjustment,9,6
3246,verified,-1,-1,no change,0,0
3248,statuses_count,-1,-1,tiny activity variation,9883,0
3248,listed_count,-1,-1,minor natural drift,39,0
3249,friends_count,-1,-1,minor natural drift,242,0
3254,followers_count,-1,-1,small numeric drift,15168368,14974930
3255,statuses_count,1,-1,tiny activity variation,77,7
3261,followers_count,-1,1,massive follower drop for evasion,212959,0
3264,description_length,1,-1,minor description edit,1,15
3275,description_length,1,-1,minor description edit,120,64
3285,friends_count,-1,-1,small numeric drift,422,0
3285,verified,-1,-1,no change,1,1
3301,statuses_count,1,-1,tiny activity variation,375,7
3302,followers_count,-1,1,extreme follower count drop for evasion,21709,0
3319,listed_count,-1,-1,minor listed count variation,191,0
3321,statuses_count,-1,-1,minor activity variation,18587,2545
3323,friends_count,-1,-1,minor friend count adjustment,3332,588
3328,friends_count,-1,-1,small numeric drift,53,0
3328,name_length,-1,-1,minor name edit,14,11
3343,friends_count,-1,-1,minor natural decrease,88,0
3344,verified,-1,-1,no change,0,0
3345,listed_count,1,-1,minor natural decrease,1494,0
3360,description_length,-1,-1,minor description edit,74,33
3361,statuses_count,1,-1,tiny activity variation,701,7
3361,description_length,1,-1,minor description edit,1,15
3363,followers_count,-1,1,followers count reset for evasion,837,0
3367,statuses_count,1,-1,tiny activity variation,276,7
3369,friends_count,1,-1,minor natural decrease,558,32
3369,statuses_count,1,-1,tiny activity variation,1524,7
3372,listed_count,-1,-1,no actual change,0,0
3373,statuses_count,-1,-1,tiny activity variation,640,0
3381,friends_count,-1,-1,small numeric drift,682,0
3386,followers_count,-1,-1,small numeric drift,159,0
3399,description_length,-1,-1,minor description edit,151,186
3400,statuses_count,1,-1,small activity variation,249,7
3404,description_length,1,-1,minor description edit,27,13
3404,name_length,1,-1,minor name variation,4,7
3406,name_length,-1,-1,minor name variation,21,24
3408,listed_count,-1,-1,small listed count drift,3922,3648
3409,listed_count,-1,-1,minor listed count variation,79,0
3410,statuses_count,-1,1,extreme engagement gaming,13951,12
3414,friends_count,-1,-1,minor friends count adjustment,221,0
3416,listed_count,-1,-1,minor listed count variation,335,0
3421,statuses_count,1,-1,small activity variation,120,7
3428,friends_count,-1,-1,small numeric drift,436,0
3428,verified,-1,-1,no change,0,0
3430,listed_count,-1,-1,small listed_count variation,303,0
3438,friends_count,-1,1,extreme friends count drop,697,0
3438,statuses_count,-1,1,large statuses count drop,17558,4187
3440,statuses_count,1,-1,minor natural activity variation,14,7
3447,listed_count,1,-1,small listed_count variation,1395,0
3458,statuses_count,1,-1,tiny activity variation,1502,7
3460,statuses_count,-1,-1,minor activity variation,18656,5386
3461,statuses_count,-1,-1,minor activity variation,33866,38612
3467,statuses_count,1,-1,tiny activity variation,20,7
3480,statuses_count,1,-1,tiny activity variation,281,7
3480,description_length,1,-1,minor description edit,1,15
3484,listed_count,-1,-1,small listed count variation,61,0
3489,statuses_count,1,-1,tiny activity variation,543,7
3491,name_length,-1,-1,minor numeric drift,6,5
3498,listed_count,-1,-1,no change,0,0
3498,verified,-1,-1,no change,0,0
3499,protected,-1,-1,no change,0,0
3503,friends_count,-1,-1,minor numeric drift,2873,751
3503,statuses_count,1,-1,tiny activity variation,1028,7
3506,statuses_count,-1,-1,minor activity variation,12092,0
3507,statuses_count,1,-1,minor activity variation,852,7
3507,verified,-1,-1,no change,0,0
3522,friends_count,-1,-1,tiny numeric drift,32364,32360
3523,followers_count,-1,-1,unusual follower drop,1316,0
3525,followers_count,-1,-1,unusual follower drop,48,0
3526,listed_count,-1,-1,small listed count variation,75,0
3531,friends_count,1,-1,small numeric drift,339,32
3531,description_length,1,-1,minor description edit,1,15
3547,verified,-1,-1,no change,0,0
3550,description_length,1,-1,minor description edit,1,15
3550,name_length,1,-1,minor name adjustment,12,6
3554,verified,-1,-1,no change,1,1
3555,statuses_count,-1,-1,normal activity variation,24798,32285
3569,statuses_count,1,-1,minor activity variation,106,7
3569,description_length,1,-1,minor description edit,110,54
3570,verified,-1,-1,no change,1,1
3572,listed_count,-1,-1,small numeric drift,8,0
3572,description_length,-1,-1,minor description edit,142,172
3581,statuses_count,1,-1,tiny activity variation,1113,7
3585,statuses_count,1,-1,tiny activity variation,147,7
3590,friends_count,-1,-1,minor natural variation,87,0
3594,description_length,-1,-1,minor description edit,99,141
3598,verified,-1,-1,no change detected,0,0
3611,friends_count,-1,-1,small numeric drift,138599,138340
3619,protected,-1,-1,no change,0,0
3621,followers_count,-1,1,extreme follower drop,30801,0
3624,followers_count,-1,-1,small follower drop,14,0
3624,statuses_count,1,-1,minor activity variation,26,7
3625,protected,-1,-1,no change,0,0
3627,statuses_count,1,1,engagement gaming,886,25163
3628,followers_count,-1,1,extreme follower count drop,73497,0
3634,listed_count,-1,-1,small listed_count variation,926,342
3651,verified,-1,-1,no change detected,1,1
3656,verified,-1,-1,no change,0,0
3658,statuses_count,1,-1,minor activity variation,114,7
3660,statuses_count,1,-1,minor activity variation,245,7
3660,listed_count,-1,-1,no change,0,0
3663,followers_count,-1,-1,small numeric drift,608,0
3663,statuses_count,1,-1,tiny activity variation,124,7
3663,description_length,1,-1,minor description edit,139,83
3665,verified,-1,-1,no change,0,0
3668,statuses_count,1,-1,tiny activity variation,1685,7
3668,listed_count,1,-1,minor natural drift,10,0
3671,statuses_count,-1,-1,tiny activity variation,7135,0
3672,friends_count,-1,-1,minor natural drift,4979,2304
3674,listed_count,-1,-1,minor natural drift,1,0
3676,friends_count,-1,-1,small numeric drift,29,0
3684,statuses_count,1,-1,tiny activity variation,17,7
3688,name_length,-1,-1,minor numeric drift,13,12
3698,statuses_count,-1,-1,tiny activity variation,2277,0
3700,friends_count,-1,-1,minor natural variation,1815,0
3708,listed_count,-1,-1,minor listed count variation,1,0
3711,friends_count,-1,-1,minor natural decrease,1928,0
3712,description_length,1,1,profile completion strategy,1,15
3714,followers_count,-1,-1,minor natural decrease,269,0
3740,listed_count,1,-1,minor listed count variation,393,0
3742,statuses_count,1,1,extreme status count drop for evasion,1392,7
3751,friends_count,-1,-1,small numeric drift,1794,0
3752,statuses_count,-1,-1,tiny activity variation,6886,0
3754,verified,-1,-1,no change,0,0
3760,statuses_count,1,-1,tiny activity variation,174,7
3762,listed_count,-1,-1,minor listed count variation,733,146
3764,friends_count,-1,1,extreme friends count drop for evasion,939,0
3767,statuses_count,-1,-1,small numeric drift,3776,0
3767,listed_count,1,-1,small numeric drift,258,0
3772,listed_count,1,-1,small numeric drift,2511,0
3772,name_length,1,-1,minor formatting edit,13,7
3787,statuses_count,1,-1,tiny activity variation,101,7
3788,statuses_count,1,-1,minor activity variation,21,7
3788,description_length,1,1,coordinated with description addition,1,15
3792,statuses_count,1,-1,tiny activity variation,1385,7
3798,followers_count,-1,1,massive follower drop for evasion,210431,0
3800,followers_count,-1,1,extreme follower drop for evasion,49244,0
3806,followers_count,-1,-1,small numeric drift,4094,0
3806,listed_count,-1,-1,small numeric drift,19,0
3806,protected,-1,-1,no change,0,0
3821,followers_count,-1,-1,small numeric drift,85,0
3824,friends_count,-1,-1,small numeric drift,2852,214
3831,statuses_count,-1,-1,tiny activity variation,12534,0
3835,followers_count,-1,1,extreme follower count drop for evasion,27621,0
3845,followers_count,-1,-1,minor numeric drift,185,0
3846,verified,-1,-1,no change,1,1
3847,friends_count,-1,-1,minor numeric drift,199,0
3849,friends_count,-1,-1,minor numeric drift,5350,2421
3851,statuses_count,1,-1,tiny activity variation,25,7
3854,followers_count,-1,-1,minor natural growth,344268,101818
3855,friends_count,1,-1,minor natural variation,140,32
3855,description_length,1,1,profile completion strategy,1,15
3861,statuses_count,1,-1,small activity variation,176,7
3861,description_length,1,-1,minor description edit,94,38
3870,statuses_count,-1,-1,tiny activity variation,1,0
3870,description_length,-1,-1,minor description edit,1,0
3876,description_length,-1,-1,minor description edit,119,151
3877,verified,-1,-1,no actual change,1,1
3884,description_length,1,-1,minor description edit,87,31
3885,listed_count,-1,-1,small listed_count variation,3,0
3887,statuses_count,1,1,extreme engagement drop,2777,7
3887,listed_count,1,-1,small listed_count variation,132,0
3898,statuses_count,-1,-1,tiny activity variation,4,0
3900,statuses_count,-1,-1,tiny activity variation,83250,89821
3902,protected,-1,-1,no actual change,0,0
3905,statuses_count,1,-1,minor activity variation,30,7
3905,description_length,1,-1,minor description edit,89,33
3918,verified,-1,-1,no change,1,1
3919,statuses_count,1,-1,minor activity variation,82,7
3924,statuses_count,-1,-1,minor activity variation,36865,44717
3925,statuses_count,-1,-1,minor activity variation,4045,0
3926,followers_count,-1,-1,minor follower count drop,142,0
3926,statuses_count,1,-1,minor activity variation,446,7
3939,verified,-1,-1,no change detected,0,0
3949,protected,-1,-1,no change,0,0
3950,name_length,-1,-1,minor name length adjustment,13,11
3951,statuses_count,1,-1,small activity variation,182,7
3952,statuses_count,1,-1,small activity variation,2087,7
3952,listed_count,1,-1,small listed count variation,23,0
3959,listed_count,-1,-1,minor listed count variation,1900,1610
3961,friends_count,1,-1,small numeric drift,2030,32
3961,statuses_count,1,-1,small numeric drift,362,7
3972,name_length,-1,-1,minor name length adjustment,13,11
3979,followers_count,-1,-1,small numeric drift,101,0
3979,friends_count,-1,-1,small numeric drift,89,0
3979,name_length,-1,-1,minor name edit,12,10
3981,friends_count,1,-1,small numeric drift,2083,32
3981,statuses_count,1,-1,small numeric drift,88,7
3991,followers_count,-1,-1,unusual follower drop,1730,0
3994,friends_count,-1,-1,minor friend count reset,527,0
3995,verified,-1,-1,no change in verification status,0,0
3999,followers_count,-1,-1,unusual follower drop,35754,0
4000,statuses_count,1,-1,minor activity variation,175,7
4000,listed_count,1,-1,small listed count drop,28,0
4001,description_length,1,-1,minor description edit,75,19
4001,name_length,1,-1,minor name length adjustment,13,15
4005,listed_count,-1,-1,minor listed count variation,11,0
4011,statuses_count,1,-1,tiny activity variation,1363,7
4011,listed_count,-1,-1,no actual change,0,0
4012,followers_count,-1,-1,minor natural decline,521,0
4020,verified,-1,-1,no change,1,1
4023,name_length,-1,-1,minor name length adjustment,15,18
4027,statuses_count,1,-1,tiny activity variation,34,7
4027,description_length,1,-1,minor description edit,1,14
4028,statuses_count,-1,1,extreme activity drop for evasion,2391,0
4032,statuses_count,1,-1,tiny activity variation,81,7
4032,description_length,1,-1,minor description edit,42,14
4034,statuses_count,1,-1,tiny activity variation,487,7
4034,description_length,-1,-1,minor description edit,1,0
4037,protected,-1,-1,no actual change,0,0
4040,description_length,-1,-1,minor description edit,119,163
4057,followers_count,1,-1,minor follower decrease,16,8
4057,statuses_count,1,-1,small activity variation,18,7
4062,statuses_count,1,-1,tiny activity variation,394,7
4063,statuses_count,-1,-1,minor activity variation,567,0
4077,description_length,-1,-1,minor description edit,156,203
4086,description_length,-1,-1,minor description edit,166,207
4087,statuses_count,-1,-1,normal activity variation,23590,30763
4087,name_length,-1,-1,minor name adjustment,11,10
4105,name_length,-1,-1,minor name length variation,19,22
4108,followers_count,-1,1,suspicious follower count drop,52,0
4111,followers_count,-1,-1,minor natural decline,714682,482971
4113,friends_count,-1,-1,small numeric drift,309,0
4120,followers_count,-1,-1,small numeric drift,59,0
4121,statuses_count,-1,-1,minor activity variation,2253,0
4124,friends_count,-1,-1,small numeric drift,450,0
4126,followers_count,-1,-1,small numeric drift,5808,0
4135,name_length,-1,-1,minor name length adjustment,14,12
4142,followers_count,-1,-1,unusual follower drop,66959,0
4147,listed_count,-1,-1,minor listed count variation,4,0
4149,listed_count,-1,-1,minor listed count variation,42,0
4157,verified,-1,-1,no change,0,0
4174,followers_count,-1,-1,small numeric drift,455,0
4193,verified,-1,-1,no change,1,1
4196,description_length,-1,-1,minor description edit,151,196
4200,name_length,-1,-1,minor name length adjustment,14,12
4203,friends_count,-1,1,suspicious friends count drop,1573,0
4205,description_length,-1,1,description removal for evasion,31,0
4206,name_length,-1,-1,minor name length adjustment,10,8
4215,name_length,-1,-1,minor name length adjustment,15,18
4220,followers_count,-1,1,extreme follower count drop for evasion,16920,0
4223,description_length,-1,-1,minor description edit,67,34
4230,statuses_count,-1,-1,minor activity variation,19113,3617
4235,listed_count,-1,-1,small listed_count variation,4,0
4253,description_length,-1,-1,minor description edit,24,4
4268,verified,-1,-1,no change,1,1
4269,friends_count,-1,1,extreme drop for evasion,417,0
4269,protected,-1,-1,no change,0,0
4271,statuses_count,-1,-1,tiny activity variation,17,0
4272,statuses_count,-1,-1,minor activity variation,1101,0
4280,listed_count,-1,-1,no actual change,0,0
4296,followers_count,-1,-1,minor follower count decrease,323680,87727
4317,followers_count,-1,1,massive follower drop for evasion,162874,0
4325,friends_count,-1,-1,minor natural drift,40849,40530
4328,verified,-1,-1,no change,0,0
4330,description_length,-1,-1,minor description_length edit,1,0
4334,statuses_count,-1,-1,tiny activity variation,3455,0
4343,verified,-1,-1,no change detected,0,0
4356,statuses_count,-1,-1,small activity variation,130,0
4363,description_length,-1,-1,minor description_length edit,1,0
4370,statuses_count,-1,-1,tiny activity variation,507,0
4374,followers_count,-1,-1,minor numeric drift,434,0
4391,friends_count,-1,-1,small numeric drift,346,0
4403,description_length,-1,-1,minor description edit,131,164
4408,followers_count,-1,1,extreme follower count drop,7530,0
4411,followers_count,-1,-1,small numeric drift,132,0
4423,description_length,-1,-1,minor description edit,157,197
4429,statuses_count,-1,-1,tiny activity variation,10002,0
4435,followers_count,-1,-1,small numeric drift,563,0
4436,listed_count,-1,-1,no actual change,0,0
4445,verified,-1,-1,no change,0,0
4447,name_length,-1,-1,minor name length adjustment,20,23
4448,listed_count,-1,-1,small listed count variation,6919,6630
4451,followers_count,-1,1,extreme follower count drop,12756,0
4465,statuses_count,-1,-1,minor activity variation,21976,8988
4466,followers_count,-1,-1,small numeric drift,24,0
4486,statuses_count,-1,-1,small activity variation,5873,0
4487,statuses_count,-1,-1,small activity variation,501,0
4508,protected,-1,-1,no change,0,0
4512,protected,-1,-1,no change,0,0
4514,friends_count,-1,1,extreme friends count drop,379,0
4517,name_length,-1,-1,minor name length adjustment,17,20
4521,friends_count,-1,-1,small friends count decrease,5002,2519
4531,statuses_count,-1,-1,tiny activity variation,12519,0
4534,listed_count,-1,-1,minor natural drift,2441,2158
4545,verified,-1,-1,no change detected,0,0
4550,friends_count,-1,-1,small numeric drift,727,0
4553,friends_count,-1,-1,minor numeric variation,13671,13505
4555,verified,-1,-1,no actual change,0,0
4557,verified,-1,-1,no change,0,0
4562,statuses_count,-1,-1,minor activity variation,4,0
4568,listed_count,-1,-1,no actual change,0,0
4574,followers_count,-1,-1,small numeric drift,1441,0
4576,description_length,-1,-1,minor description_length edit,24,0
4579,listed_count,-1,-1,small listed_count variation,2,0
4585,friends_count,-1,-1,minor natural decrease,454,0
4587,statuses_count,-1,-1,tiny activity variation,81642,88782
4588,statuses_count,-1,-1,minor natural decrease,179,0
4591,statuses_count,-1,-1,minor natural decrease,813,0
4597,friends_count,-1,-1,small numeric drift,40,0
4628,followers_count,-1,-1,small numeric drift,323,0
4628,listed_count,-1,-1,small numeric drift,4,0
4645,description_length,-1,-1,minor description edit,86,137
4656,name_length,-1,-1,minor name length adjustment,5,3
4662,followers_count,-1,-1,minor natural growth,112403156,112208364
4667,description_length,-1,-1,minor description edit,80,24
4681,followers_count,-1,-1,small numeric drift,427,0
4683,followers_count,-1,-1,unusual follower count drop,5638,0
4688,description_length,-1,-1,minor description length edit,159,192
4691,followers_count,-1,-1,minor numeric drift,3390,0
4692,friends_count,-1,-1,minor numeric drift,89,0
4697,listed_count,-1,-1,minor listed count variation,11,0
4700,friends_count,-1,-1,small friends count decrease,498,0
4705,followers_count,-1,-1,small numeric drift,2932,0
4711,description_length,-1,-1,minor description_length edit,1,0
4718,listed_count,-1,-1,minor numeric drift,98,0
4721,followers_count,-1,-1,minor numeric drift,88,0
4722,description_length,-1,-1,minor description_length edit,129,178
